section_id;hierarchy4;hierarchy48;hierarchy5;hierarchy58;hierarchy6;hierarchy59;hierarchy53;hierarchy62;hierarchy45;hierarchy54;hierarchy8;hierarchy61;hierarchy9;hierarchy7
1;"[{""section_id"":""1"",""section_tipo"":""dd64""}]";1;"{""lg-spa"":[""Descriptores temáticos""],""lg-eng"":[""Thematic descriptors""]}";"[""ts2""]";"[""TS""]";;"[""ts1""]";"[{""section_id"":""1"",""section_tipo"":""dd64""}]";"[{""type"":""dd48"",""section_id"":""98"",""section_tipo"":""ts1"",""from_component_tipo"":""hierarchy45""}]";"{""3"":2}";"[{""section_id"":""17344"",""section_tipo"":""lg1""}]";;"[{""section_id"":""1"",""section_tipo"":""hierarchy13""}]";"[""TSD""]"
2;"[{""section_id"":""1"",""section_tipo"":""dd64""}]";1;"{""lg-spa"":[""Andorra""],""lg-cat"":[""Andorra""],""lg-eng"":[""Andorra""]}";"[""ad2""]";"[""AD""]";"[{""type"":""dd48"",""section_id"":""2"",""section_tipo"":""ad2"",""from_component_tipo"":""hierarchy59""}]";"[""ad1""]";"[{""section_id"":""1"",""section_tipo"":""dd64""}]";"[{""type"":""dd48"",""section_id"":""1"",""section_tipo"":""ad1"",""from_component_tipo"":""hierarchy45""}]";"{""1"":2}";"[{""section_id"":""3032"",""section_tipo"":""lg1""}]";;"[{""section_id"":""2"",""section_tipo"":""hierarchy13""}]";"[""AND""]"
4;"[{""section_id"":""2"",""section_tipo"":""dd64""}]";;"{""lg-spa"":[""Antigua y Barbuda""],""lg-eng"":[""Ancient and Barbuda""]}";;"[""AG""]";;;;;"{""1"":2}";"[{""section_id"":""17344"",""section_tipo"":""lg-spa""}]";;"[{""section_id"":""2"",""section_tipo"":""hierarchy13""}]";"[""ATG""]"
5;"[{""section_id"":""2"",""section_tipo"":""dd64""}]";;"{""lg-spa"":[""Anguila""],""lg-eng"":[""Anguila""]}";;"[""AI""]";;;;;"{""1"":2}";"[{""section_id"":""5101"",""section_tipo"":""lg1""}]";;"[{""section_id"":""2"",""section_tipo"":""hierarchy13""}]";"[""AIA""]"
6;"[{""section_id"":""2"",""section_tipo"":""dd64""}]";;"{""lg-spa"":[""Albania""],""lg-cat"":[""Albània""],""lg-eng"":[""Albania""]}";;"[""AL""]";;;;;"{""1"":2}";"[{""section_id"":""17344"",""section_tipo"":""lg-spa""}]";;"[{""section_id"":""2"",""section_tipo"":""hierarchy13""}]";"[""ALB""]"
7;"[{""section_id"":""2"",""section_tipo"":""dd64""}]";;"{""lg-spa"":[""Armenia""],""lg-cat"":[""Armènia""],""lg-eng"":[""Armenia""]}";;"[""AM""]";;;;;"{""1"":2}";"[{""section_id"":""17344"",""section_tipo"":""lg-spa""}]";;"[{""section_id"":""2"",""section_tipo"":""hierarchy13""}]";"[""ARM""]"
8;"[{""section_id"":""2"",""section_tipo"":""dd64""}]";;"{""lg-spa"":[""Antillas Neerlandesas""],""lg-eng"":[""Netherlands Antilles""]}";;"[""AN""]";;;;;"{""1"":2}";"[{""section_id"":""17344"",""section_tipo"":""lg-spa""}]";;"[{""section_id"":""2"",""section_tipo"":""hierarchy13""}]";"[""ANT""]"
9;"[{""section_id"":""2"",""section_tipo"":""dd64""}]";;"{""lg-spa"":[""Angola""],""lg-cat"":[""Angola""],""lg-eng"":[""Angola""]}";;"[""AO""]";;;;;"{""1"":2}";"[{""section_id"":""17344"",""section_tipo"":""lg-spa""}]";;"[{""section_id"":""2"",""section_tipo"":""hierarchy13""}]";"[""AGO""]"
10;"[{""section_id"":""2"",""section_tipo"":""dd64""}]";;"{""lg-spa"":[""Antártida""],""lg-cat"":[""Antàrtida""],""lg-eng"":[""Antarctica""]}";;"[""AQ""]";;;;;"{""1"":2}";"[{""section_id"":""17344"",""section_tipo"":""lg-spa""}]";;"[{""section_id"":""2"",""section_tipo"":""hierarchy13""}]";"[""ATA""]"
11;"[{""section_id"":""2"",""section_tipo"":""dd64""}]";;"{""lg-spa"":[""Argentina""],""lg-cat"":[""Argentina""],""lg-eng"":[""Argentina""]}";;"[""AR""]";;;;;"{""1"":2}";"[{""section_id"":""17344"",""section_tipo"":""lg-spa""}]";;"[{""section_id"":""2"",""section_tipo"":""hierarchy13""}]";"[""ARG""]"
12;"[{""section_id"":""2"",""section_tipo"":""dd64""}]";;"{""lg-spa"":[""Samoa Americana""],""lg-cat"":[""Samoa Americana""],""lg-eng"":[""American Samoa""]}";;"[""AS""]";;;;;"{""1"":2}";"[{""section_id"":""17344"",""section_tipo"":""lg-spa""}]";;"[{""section_id"":""2"",""section_tipo"":""hierarchy13""}]";"[""ASM""]"
13;"[{""section_id"":""1"",""section_tipo"":""dd64""}]";;"{""lg-spa"":[""Austria""],""lg-cat"":[""Àustria""],""lg-eng"":[""Austria""]}";"[""at2""]";"[""AT""]";;"[""at1""]";;"[{""type"":""dd48"",""section_id"":""1"",""section_tipo"":""at1"",""from_component_tipo"":""hierarchy45""}]";"{""1"":2}";"[{""section_id"":""5101"",""section_tipo"":""lg1""}]";;"[{""section_id"":""2"",""section_tipo"":""hierarchy13""}]";"[""AUT""]"
14;"[{""section_id"":""2"",""section_tipo"":""dd64""}]";2;"{""lg-spa"":[""Australia""],""lg-cat"":[""Austràlia""],""lg-eng"":[""Australia""]}";"[""au2""]";"[""AU""]";"[{""type"":""dd48"",""section_id"":""1"",""section_tipo"":""au2"",""from_component_tipo"":""hierarchy59""}]";"[""au1""]";;"[{""type"":""dd48"",""section_id"":""1"",""section_tipo"":""au1"",""from_component_tipo"":""hierarchy45""}]";"{""1"":2}";"[{""section_id"":""5101"",""section_tipo"":""lg1""}]";;"[{""section_id"":""2"",""section_tipo"":""hierarchy13""}]";"[""AUS""]"
15;"[{""section_id"":""2"",""section_tipo"":""dd64""}]";;"{""lg-spa"":[""Aruba""],""lg-cat"":[""Aruba""],""lg-eng"":[""Aruba""]}";;"[""AW""]";;;;;"{""1"":2}";"[{""section_id"":""17344"",""section_tipo"":""lg-spa""}]";;"[{""section_id"":""2"",""section_tipo"":""hierarchy13""}]";"[""ABW""]"
16;"[{""section_id"":""2"",""section_tipo"":""dd64""}]";;"{""lg-spa"":[""Åland""],""lg-cat"":[""Aland""],""lg-eng"":[""Åland""]}";;"[""AX""]";;;;;"{""1"":2}";"[{""section_id"":""17344"",""section_tipo"":""lg-spa""}]";;"[{""section_id"":""2"",""section_tipo"":""hierarchy13""}]";"[""ALA""]"
17;"[{""section_id"":""2"",""section_tipo"":""dd64""}]";;"{""lg-spa"":[""Azerbaiyán""],""lg-cat"":[""Azerbaidjan""],""lg-eng"":[""Azerbaijan""]}";;"[""AZ""]";;;;;"{""1"":2}";"[{""section_id"":""17344"",""section_tipo"":""lg-spa""}]";;"[{""section_id"":""2"",""section_tipo"":""hierarchy13""}]";"[""AZE""]"
18;"[{""section_id"":""2"",""section_tipo"":""dd64""}]";;"{""lg-spa"":[""Bosnia y Herzegovina""],""lg-cat"":[""Bòsnia i Hercegovina""],""lg-eng"":[""Bosnia and Herzegovina""]}";;"[""BA""]";;;;;"{""1"":2}";"[{""section_id"":""17344"",""section_tipo"":""lg-spa""}]";;"[{""section_id"":""2"",""section_tipo"":""hierarchy13""}]";"[""BIH""]"
19;"[{""section_id"":""2"",""section_tipo"":""dd64""}]";;"{""lg-spa"":[""Barbados""],""lg-cat"":[""Barbados""],""lg-eng"":[""Barbados""]}";;"[""BB""]";;;;;"{""1"":2}";"[{""section_id"":""17344"",""section_tipo"":""lg-spa""}]";;"[{""section_id"":""2"",""section_tipo"":""hierarchy13""}]";"[""BRB""]"
20;"[{""section_id"":""2"",""section_tipo"":""dd64""}]";;"{""lg-spa"":[""Bangladesh""],""lg-cat"":[""Bangladesh""],""lg-eng"":[""Bangladesh""]}";;"[""BD""]";;;;;"{""1"":2}";"[{""section_id"":""17344"",""section_tipo"":""lg-spa""}]";;"[{""section_id"":""2"",""section_tipo"":""hierarchy13""}]";"[""BGD""]"
21;"[{""section_id"":""2"",""section_tipo"":""dd64""}]";;"{""lg-spa"":[""Bélgica""],""lg-cat"":[""Bèlgica""],""lg-eng"":[""Belgium""]}";;"[""BE""]";;;;;"{""1"":2}";"[{""section_id"":""17344"",""section_tipo"":""lg-spa""}]";;"[{""section_id"":""2"",""section_tipo"":""hierarchy13""}]";"[""BEL""]"
22;"[{""section_id"":""2"",""section_tipo"":""dd64""}]";;"{""lg-spa"":[""Burkina Faso""],""lg-cat"":[""Burkina Faso""],""lg-eng"":[""Burkina Faso""]}";;"[""BF""]";;;;;"{""1"":2}";"[{""section_id"":""17344"",""section_tipo"":""lg-spa""}]";;"[{""section_id"":""2"",""section_tipo"":""hierarchy13""}]";"[""BFA""]"
23;"[{""section_id"":""2"",""section_tipo"":""dd64""}]";;"{""lg-spa"":[""Bulgaria""],""lg-cat"":[""Bulgària""],""lg-eng"":[""Bulgaria""]}";;"[""BG""]";;;;;"{""1"":2}";"[{""section_id"":""17344"",""section_tipo"":""lg-spa""}]";;"[{""section_id"":""2"",""section_tipo"":""hierarchy13""}]";"[""BGR""]"
24;"[{""section_id"":""2"",""section_tipo"":""dd64""}]";;"{""lg-spa"":[""Bahréin""],""lg-cat"":[""Bahrain""],""lg-eng"":[""Bahrain""]}";;"[""BH""]";;;;;"{""1"":2}";"[{""section_id"":""17344"",""section_tipo"":""lg-spa""}]";;"[{""section_id"":""2"",""section_tipo"":""hierarchy13""}]";"[""BHR""]"
25;"[{""section_id"":""2"",""section_tipo"":""dd64""}]";;"{""lg-spa"":[""Burundi""],""lg-cat"":[""Burundi""],""lg-eng"":[""Burundi""]}";;"[""BI""]";;;;;"{""1"":2}";"[{""section_id"":""17344"",""section_tipo"":""lg-spa""}]";;"[{""section_id"":""2"",""section_tipo"":""hierarchy13""}]";"[""BDI""]"
26;"[{""section_id"":""2"",""section_tipo"":""dd64""}]";;"{""lg-spa"":[""Benín""],""lg-cat"":[""Benín""],""lg-eng"":[""Benin""]}";;"[""BJ""]";;;;;"{""1"":2}";"[{""section_id"":""17344"",""section_tipo"":""lg-spa""}]";;"[{""section_id"":""2"",""section_tipo"":""hierarchy13""}]";"[""BEN""]"
27;"[{""section_id"":""2"",""section_tipo"":""dd64""}]";;"{""lg-spa"":[""Bermudas""],""lg-cat"":[""Bermudes""],""lg-eng"":[""Bermuda""]}";;"[""BM""]";;;;;"{""1"":2}";"[{""section_id"":""17344"",""section_tipo"":""lg-spa""}]";;"[{""section_id"":""2"",""section_tipo"":""hierarchy13""}]";"[""BMU""]"
28;"[{""section_id"":""2"",""section_tipo"":""dd64""}]";;"{""lg-spa"":[""Brunéi""],""lg-cat"":[""Brunei""],""lg-eng"":[""Brunei""]}";;"[""BN""]";;;;;"{""1"":2}";"[{""section_id"":""17344"",""section_tipo"":""lg-spa""}]";;"[{""section_id"":""2"",""section_tipo"":""hierarchy13""}]";"[""BRN""]"
29;"[{""section_id"":""2"",""section_tipo"":""dd64""}]";;"{""lg-spa"":[""Bolivia""],""lg-cat"":[""Bolívia""],""lg-eng"":[""Bolivia""]}";;"[""BO""]";;;;;"{""1"":2}";"[{""section_id"":""17344"",""section_tipo"":""lg-spa""}]";;"[{""section_id"":""2"",""section_tipo"":""hierarchy13""}]";"[""BOL""]"
30;"[{""section_id"":""2"",""section_tipo"":""dd64""}]";;"{""lg-spa"":[""Brasil""],""lg-cat"":[""Brasil""],""lg-eng"":[""Brazil""]}";;"[""BR""]";;;;;"{""1"":2}";"[{""section_id"":""17344"",""section_tipo"":""lg-spa""}]";;"[{""section_id"":""2"",""section_tipo"":""hierarchy13""}]";"[""BRA""]"
31;"[{""section_id"":""2"",""section_tipo"":""dd64""}]";;"{""lg-spa"":[""Bahamas""],""lg-cat"":[""Bahames""],""lg-eng"":[""Bahamas""]}";;"[""BS""]";;;;;"{""1"":2}";"[{""section_id"":""17344"",""section_tipo"":""lg-spa""}]";;"[{""section_id"":""2"",""section_tipo"":""hierarchy13""}]";"[""BHS""]"
32;"[{""section_id"":""2"",""section_tipo"":""dd64""}]";;"{""lg-spa"":[""Bután""],""lg-cat"":[""Bhutan""],""lg-eng"":[""Bhutan""]}";;"[""BT""]";;;;;"{""1"":2}";"[{""section_id"":""17344"",""section_tipo"":""lg-spa""}]";;"[{""section_id"":""2"",""section_tipo"":""hierarchy13""}]";"[""BTN""]"
33;"[{""section_id"":""2"",""section_tipo"":""dd64""}]";;"{""lg-spa"":[""Isla Bouvet""]}";;"[""BV""]";;;;;"{""1"":2}";"[{""section_id"":""17344"",""section_tipo"":""lg-spa""}]";;"[{""section_id"":""2"",""section_tipo"":""hierarchy13""}]";"[""BVT""]"
34;"[{""section_id"":""2"",""section_tipo"":""dd64""}]";;"{""lg-spa"":[""Botsuana""]}";;"[""BW""]";;;;;"{""1"":2}";"[{""section_id"":""17344"",""section_tipo"":""lg-spa""}]";;"[{""section_id"":""2"",""section_tipo"":""hierarchy13""}]";"[""BWA""]"
35;"[{""section_id"":""2"",""section_tipo"":""dd64""}]";;"{""lg-spa"":[""Bielorrusia""]}";;"[""BY""]";;;;;"{""1"":2}";"[{""section_id"":""17344"",""section_tipo"":""lg-spa""}]";;"[{""section_id"":""2"",""section_tipo"":""hierarchy13""}]";"[""BLR""]"
36;"[{""section_id"":""2"",""section_tipo"":""dd64""}]";;"{""lg-spa"":[""Belice""]}";;"[""BZ""]";;;;;"{""1"":2}";"[{""section_id"":""17344"",""section_tipo"":""lg-spa""}]";;"[{""section_id"":""2"",""section_tipo"":""hierarchy13""}]";"[""BLZ""]"
37;"[{""section_id"":""2"",""section_tipo"":""dd64""}]";;"{""lg-spa"":[""Canadá""],""lg-cat"":[""Canadà""],""lg-eng"":[""Canada""]}";;"[""CA""]";;;;;"{""1"":2}";"[{""section_id"":""17344"",""section_tipo"":""lg-spa""}]";;"[{""section_id"":""2"",""section_tipo"":""hierarchy13""}]";"[""CAN""]"
38;"[{""section_id"":""2"",""section_tipo"":""dd64""}]";;"{""lg-spa"":[""Islas Cocos""]}";;"[""CC""]";;;;;"{""1"":2}";"[{""section_id"":""17344"",""section_tipo"":""lg-spa""}]";;"[{""section_id"":""2"",""section_tipo"":""hierarchy13""}]";"[""CCK""]"
39;"[{""section_id"":""2"",""section_tipo"":""dd64""}]";;"{""lg-spa"":[""República Democrática del Congo""]}";;"[""CD""]";;;;;"{""1"":2}";"[{""section_id"":""17344"",""section_tipo"":""lg-spa""}]";;"[{""section_id"":""2"",""section_tipo"":""hierarchy13""}]";"[""COD""]"
40;"[{""section_id"":""2"",""section_tipo"":""dd64""}]";;"{""lg-spa"":[""República Centroafricana""]}";;"[""CF""]";;;;;"{""1"":2}";"[{""section_id"":""17344"",""section_tipo"":""lg-spa""}]";;"[{""section_id"":""2"",""section_tipo"":""hierarchy13""}]";"[""CAF""]"
41;"[{""section_id"":""2"",""section_tipo"":""dd64""}]";;"{""lg-spa"":[""República del Congo""]}";;"[""CG""]";;;;;"{""1"":2}";"[{""section_id"":""17344"",""section_tipo"":""lg-spa""}]";;"[{""section_id"":""2"",""section_tipo"":""hierarchy13""}]";"[""COG""]"
42;"[{""section_id"":""2"",""section_tipo"":""dd64""}]";;"{""lg-spa"":[""Suiza""],""lg-cat"":[""Suïssa""],""lg-eng"":[""Switzerland""]}";;"[""CH""]";;;;;"{""1"":2}";"[{""section_id"":""17344"",""section_tipo"":""lg-spa""}]";;"[{""section_id"":""2"",""section_tipo"":""hierarchy13""}]";"[""CHE""]"
43;"[{""section_id"":""2"",""section_tipo"":""dd64""}]";;"{""lg-spa"":[""Costa de Marfil""]}";;"[""CI""]";;;;;"{""1"":2}";"[{""section_id"":""17344"",""section_tipo"":""lg-spa""}]";;"[{""section_id"":""2"",""section_tipo"":""hierarchy13""}]";"[""CIV""]"
44;"[{""section_id"":""2"",""section_tipo"":""dd64""}]";;"{""lg-spa"":[""Islas Cook""]}";;"[""CK""]";;;;;"{""1"":2}";"[{""section_id"":""17344"",""section_tipo"":""lg-spa""}]";;"[{""section_id"":""2"",""section_tipo"":""hierarchy13""}]";"[""COK""]"
45;"[{""section_id"":""2"",""section_tipo"":""dd64""}]";;"{""lg-spa"":[""Chile""],""lg-cat"":[""Xile""],""lg-eng"":[""Chile""]}";;"[""CL""]";;;;;"{""1"":2}";"[{""section_id"":""17344"",""section_tipo"":""lg-spa""}]";;"[{""section_id"":""2"",""section_tipo"":""hierarchy13""}]";"[""CHL""]"
46;"[{""section_id"":""2"",""section_tipo"":""dd64""}]";;"{""lg-spa"":[""Camerún""]}";;"[""CM""]";;;;;"{""1"":2}";"[{""section_id"":""17344"",""section_tipo"":""lg-spa""}]";;"[{""section_id"":""2"",""section_tipo"":""hierarchy13""}]";"[""CMR""]"
47;"[{""section_id"":""2"",""section_tipo"":""dd64""}]";;"{""lg-spa"":[""China""],""lg-cat"":[""Xina""],""lg-eng"":[""China""]}";;"[""CN""]";;;;;"{""1"":2}";"[{""section_id"":""17344"",""section_tipo"":""lg-spa""}]";;"[{""section_id"":""2"",""section_tipo"":""hierarchy13""}]";"[""CHN""]"
48;"[{""section_id"":""2"",""section_tipo"":""dd64""}]";;"{""lg-spa"":[""Colombia""]}";;"[""CO""]";;;;;"{""1"":2}";"[{""section_id"":""17344"",""section_tipo"":""lg-spa""}]";;"[{""section_id"":""2"",""section_tipo"":""hierarchy13""}]";"[""COL""]"
49;"[{""section_id"":""2"",""section_tipo"":""dd64""}]";;"{""lg-spa"":[""Costa Rica""]}";;"[""CR""]";;;;;"{""1"":2}";"[{""section_id"":""17344"",""section_tipo"":""lg-spa""}]";;"[{""section_id"":""2"",""section_tipo"":""hierarchy13""}]";"[""CRI""]"
50;"[{""section_id"":""1"",""section_tipo"":""dd64""}]";3;"{""lg-spa"":[""Cuba""],""lg-eng"":[""Cuba""]}";"[""cu2""]";"[""CU""]";"[{""type"":""dd48"",""section_id"":""2"",""section_tipo"":""cu2"",""from_component_tipo"":""hierarchy59""}]";"[""cu1""]";;"[{""type"":""dd48"",""section_id"":""1"",""section_tipo"":""cu1"",""from_component_tipo"":""hierarchy45""}]";"{""1"":2}";"[{""section_id"":""17344"",""section_tipo"":""lg1""}]";;"[{""section_id"":""2"",""section_tipo"":""hierarchy13""}]";"[""CUB""]"
51;"[{""section_id"":""2"",""section_tipo"":""dd64""}]";;"{""lg-spa"":[""Cabo Verde""]}";;"[""CV""]";;;;;"{""1"":2}";"[{""section_id"":""17344"",""section_tipo"":""lg-spa""}]";;"[{""section_id"":""2"",""section_tipo"":""hierarchy13""}]";"[""CPV""]"
52;"[{""section_id"":""2"",""section_tipo"":""dd64""}]";;"{""lg-spa"":[""Isla de Navidad""]}";;"[""CX""]";;;;;"{""1"":2}";"[{""section_id"":""17344"",""section_tipo"":""lg-spa""}]";;"[{""section_id"":""2"",""section_tipo"":""hierarchy13""}]";"[""CXR""]"
53;"[{""section_id"":""2"",""section_tipo"":""dd64""}]";;"{""lg-spa"":[""Chipre""]}";;"[""CY""]";;;;;"{""1"":2}";"[{""section_id"":""17344"",""section_tipo"":""lg-spa""}]";;"[{""section_id"":""2"",""section_tipo"":""hierarchy13""}]";"[""CYP""]"
54;"[{""section_id"":""2"",""section_tipo"":""dd64""}]";;"{""lg-spa"":[""República Checa""]}";;"[""CZ""]";;;;;"{""1"":2}";"[{""section_id"":""17344"",""section_tipo"":""lg-spa""}]";;"[{""section_id"":""2"",""section_tipo"":""hierarchy13""}]";"[""CZE""]"
55;"[{""section_id"":""2"",""section_tipo"":""dd64""}]";;"{""lg-spa"":[""Alemania""],""lg-cat"":[""Alemanya""],""lg-eng"":[""Germany""]}";;"[""DE""]";;;;;"{""1"":2}";"[{""section_id"":""17344"",""section_tipo"":""lg-spa""}]";;"[{""section_id"":""2"",""section_tipo"":""hierarchy13""}]";"[""DEU""]"
56;"[{""section_id"":""2"",""section_tipo"":""dd64""}]";;"{""lg-spa"":[""Yibuti""]}";;"[""DJ""]";;;;;"{""1"":2}";"[{""section_id"":""17344"",""section_tipo"":""lg-spa""}]";;"[{""section_id"":""2"",""section_tipo"":""hierarchy13""}]";"[""DJI""]"
57;"[{""section_id"":""2"",""section_tipo"":""dd64""}]";;"{""lg-spa"":[""Dinamarca""]}";;"[""DK""]";;;;;"{""1"":2}";"[{""section_id"":""17344"",""section_tipo"":""lg-spa""}]";;"[{""section_id"":""2"",""section_tipo"":""hierarchy13""}]";"[""DNK""]"
58;"[{""section_id"":""2"",""section_tipo"":""dd64""}]";;"{""lg-spa"":[""Dominica""]}";;"[""DM""]";;;;;"{""1"":2}";"[{""section_id"":""17344"",""section_tipo"":""lg-spa""}]";;"[{""section_id"":""2"",""section_tipo"":""hierarchy13""}]";"[""DMA""]"
59;"[{""section_id"":""2"",""section_tipo"":""dd64""}]";;"{""lg-spa"":[""República Dominicana""]}";;"[""DO""]";;;;;"{""1"":2}";"[{""section_id"":""17344"",""section_tipo"":""lg-spa""}]";;"[{""section_id"":""2"",""section_tipo"":""hierarchy13""}]";"[""DOM""]"
60;"[{""section_id"":""1"",""section_tipo"":""dd64""}]";;"{""lg-spa"":[""Argelia""],""lg-cat"":[""Algèria""],""lg-eng"":[""Algeria""]}";"[""dz2""]";"[""DZ""]";"[{""type"":""dd48"",""section_id"":""2"",""section_tipo"":""dz2"",""from_component_tipo"":""hierarchy59""}]";"[""dz1""]";;"[{""type"":""dd48"",""section_id"":""1"",""section_tipo"":""dz1"",""from_component_tipo"":""hierarchy45""}]";"{""1"":2}";"[{""section_id"":""841"",""section_tipo"":""lg1""}]";;"[{""section_id"":""2"",""section_tipo"":""hierarchy13""}]";"[""DZA""]"
61;"[{""section_id"":""2"",""section_tipo"":""dd64""}]";;"{""lg-spa"":[""Ecuador""]}";;"[""EC""]";;;;;"{""1"":2}";"[{""section_id"":""17344"",""section_tipo"":""lg-spa""}]";;"[{""section_id"":""2"",""section_tipo"":""hierarchy13""}]";"[""ECU""]"
62;"[{""section_id"":""2"",""section_tipo"":""dd64""}]";;"{""lg-spa"":[""Estonia""]}";;"[""EE""]";;;;;"{""1"":2}";"[{""section_id"":""17344"",""section_tipo"":""lg-spa""}]";;"[{""section_id"":""2"",""section_tipo"":""hierarchy13""}]";"[""EST""]"
63;"[{""section_id"":""2"",""section_tipo"":""dd64""}]";;"{""lg-spa"":[""Egipto""]}";;"[""EG""]";;;;;"{""1"":2}";"[{""section_id"":""17344"",""section_tipo"":""lg-spa""}]";;"[{""section_id"":""2"",""section_tipo"":""hierarchy13""}]";"[""EGY""]"
64;"[{""section_id"":""2"",""section_tipo"":""dd64""}]";;"{""lg-spa"":[""Sahara Occidental""]}";;"[""EH""]";;;;;"{""1"":2}";"[{""section_id"":""17344"",""section_tipo"":""lg-spa""}]";;"[{""section_id"":""2"",""section_tipo"":""hierarchy13""}]";"[""ESH""]"
65;"[{""section_id"":""2"",""section_tipo"":""dd64""}]";;"{""lg-spa"":[""Eritrea""]}";;"[""ER""]";;;;;"{""1"":2}";"[{""section_id"":""17344"",""section_tipo"":""lg-spa""}]";;"[{""section_id"":""2"",""section_tipo"":""hierarchy13""}]";"[""ERI""]"
66;"[{""section_id"":""1"",""section_tipo"":""dd64""}]";4;"{""lg-spa"":[""España""],""lg-eng"":[""Spain""]}";"[""es2""]";"[""ES""]";"[{""type"":""dd48"",""section_id"":""8868"",""section_tipo"":""es2"",""from_component_tipo"":""hierarchy59""}]";"[""es1""]";"[{""section_id"":""1"",""section_tipo"":""dd64""}]";"[{""type"":""dd48"",""section_id"":""1"",""section_tipo"":""es1"",""from_component_tipo"":""hierarchy45""}]";"{""1"":2}";"[{""section_id"":""17344"",""section_tipo"":""lg1""}]";;"[{""section_id"":""2"",""section_tipo"":""hierarchy13""}]";"[""ESP""]"
67;"[{""section_id"":""2"",""section_tipo"":""dd64""}]";;"{""lg-spa"":[""Etiopía""]}";;"[""ET""]";;;;;"{""1"":2}";"[{""section_id"":""17344"",""section_tipo"":""lg-spa""}]";;"[{""section_id"":""2"",""section_tipo"":""hierarchy13""}]";"[""ETH""]"
68;"[{""section_id"":""2"",""section_tipo"":""dd64""}]";;"{""lg-spa"":[""Finlandia""]}";;"[""FI""]";;;;;"{""1"":2}";"[{""section_id"":""17344"",""section_tipo"":""lg-spa""}]";;"[{""section_id"":""2"",""section_tipo"":""hierarchy13""}]";"[""FIN""]"
69;"[{""section_id"":""2"",""section_tipo"":""dd64""}]";;"{""lg-spa"":[""Fiyi""]}";;"[""FJ""]";;;;;"{""1"":2}";"[{""section_id"":""17344"",""section_tipo"":""lg-spa""}]";;"[{""section_id"":""2"",""section_tipo"":""hierarchy13""}]";"[""FJI""]"
70;"[{""section_id"":""2"",""section_tipo"":""dd64""}]";;"{""lg-spa"":[""Islas Malvinas""]}";;"[""FK""]";;;;;"{""1"":2}";"[{""section_id"":""17344"",""section_tipo"":""lg-spa""}]";;"[{""section_id"":""2"",""section_tipo"":""hierarchy13""}]";"[""FLK""]"
71;"[{""section_id"":""2"",""section_tipo"":""dd64""}]";;"{""lg-spa"":[""Micronesia""]}";;"[""FM""]";;;;;"{""1"":2}";"[{""section_id"":""17344"",""section_tipo"":""lg-spa""}]";;"[{""section_id"":""2"",""section_tipo"":""hierarchy13""}]";"[""FSM""]"
72;"[{""section_id"":""2"",""section_tipo"":""dd64""}]";;"{""lg-spa"":[""Islas Feroe""]}";;"[""FO""]";;;;;"{""1"":2}";"[{""section_id"":""17344"",""section_tipo"":""lg-spa""}]";;"[{""section_id"":""2"",""section_tipo"":""hierarchy13""}]";"[""FRO""]"
73;"[{""section_id"":""1"",""section_tipo"":""dd64""}]";;"{""lg-spa"":[""Francia""],""lg-eng"":[""France""]}";"[""fr2""]";"[""FR""]";"[{""type"":""dd48"",""section_id"":""2"",""section_tipo"":""fr2"",""from_component_tipo"":""hierarchy59""}]";"[""fr1""]";;"[{""type"":""dd48"",""section_id"":""1"",""section_tipo"":""fr1"",""from_component_tipo"":""hierarchy45""}]";"{""1"":2}";"[{""section_id"":""5450"",""section_tipo"":""lg-fra""}]";;"[{""section_id"":""2"",""section_tipo"":""hierarchy13""}]";"[""FRA""]"
74;"[{""section_id"":""2"",""section_tipo"":""dd64""}]";;"{""lg-spa"":[""Gabón""]}";;"[""GA""]";;;;;"{""1"":2}";"[{""section_id"":""17344"",""section_tipo"":""lg-spa""}]";;"[{""section_id"":""2"",""section_tipo"":""hierarchy13""}]";"[""GAB""]"
75;"[{""section_id"":""2"",""section_tipo"":""dd64""}]";;"{""lg-spa"":[""Reino Unido""]}";;"[""GB""]";;;;;"{""1"":2}";"[{""section_id"":""17344"",""section_tipo"":""lg-spa""}]";;"[{""section_id"":""2"",""section_tipo"":""hierarchy13""}]";"[""GBR""]"
76;"[{""section_id"":""2"",""section_tipo"":""dd64""}]";;"{""lg-spa"":[""Granada""]}";;"[""GD""]";;;;;"{""1"":2}";"[{""section_id"":""17344"",""section_tipo"":""lg-spa""}]";;"[{""section_id"":""2"",""section_tipo"":""hierarchy13""}]";"[""GRD""]"
77;"[{""section_id"":""2"",""section_tipo"":""dd64""}]";;"{""lg-spa"":[""Georgia""]}";;"[""GE""]";;;;;"{""1"":2}";"[{""section_id"":""17344"",""section_tipo"":""lg-spa""}]";;"[{""section_id"":""2"",""section_tipo"":""hierarchy13""}]";"[""GEO""]"
78;"[{""section_id"":""2"",""section_tipo"":""dd64""}]";;"{""lg-spa"":[""Guayana Francesa""]}";;"[""GF""]";;;;;"{""1"":2}";"[{""section_id"":""17344"",""section_tipo"":""lg-spa""}]";;"[{""section_id"":""2"",""section_tipo"":""hierarchy13""}]";"[""GUF""]"
79;"[{""section_id"":""2"",""section_tipo"":""dd64""}]";;"{""lg-spa"":[""Guernsey""]}";;"[""GG""]";;;;;"{""1"":2}";"[{""section_id"":""17344"",""section_tipo"":""lg-spa""}]";;"[{""section_id"":""2"",""section_tipo"":""hierarchy13""}]";"[""GGY""]"
80;"[{""section_id"":""2"",""section_tipo"":""dd64""}]";;"{""lg-spa"":[""Ghana""]}";;"[""GH""]";;;;;"{""1"":2}";"[{""section_id"":""17344"",""section_tipo"":""lg-spa""}]";;"[{""section_id"":""2"",""section_tipo"":""hierarchy13""}]";"[""GHA""]"
81;"[{""section_id"":""2"",""section_tipo"":""dd64""}]";;"{""lg-spa"":[""Gibraltar""]}";;"[""GI""]";;;;;"{""1"":2}";"[{""section_id"":""17344"",""section_tipo"":""lg-spa""}]";;"[{""section_id"":""2"",""section_tipo"":""hierarchy13""}]";"[""GIB""]"
82;"[{""section_id"":""2"",""section_tipo"":""dd64""}]";;"{""lg-spa"":[""Groenlandia""]}";;"[""GL""]";;;;;"{""1"":2}";"[{""section_id"":""17344"",""section_tipo"":""lg-spa""}]";;"[{""section_id"":""2"",""section_tipo"":""hierarchy13""}]";"[""GRL""]"
83;"[{""section_id"":""2"",""section_tipo"":""dd64""}]";;"{""lg-spa"":[""Gambia""]}";;"[""GM""]";;;;;"{""1"":2}";"[{""section_id"":""17344"",""section_tipo"":""lg-spa""}]";;"[{""section_id"":""2"",""section_tipo"":""hierarchy13""}]";"[""GMB""]"
84;"[{""section_id"":""2"",""section_tipo"":""dd64""}]";;"{""lg-spa"":[""Guinea""]}";;"[""GN""]";;;;;"{""1"":2}";"[{""section_id"":""17344"",""section_tipo"":""lg-spa""}]";;"[{""section_id"":""2"",""section_tipo"":""hierarchy13""}]";"[""GIN""]"
85;"[{""section_id"":""2"",""section_tipo"":""dd64""}]";;"{""lg-spa"":[""Guadalupe""]}";;"[""GP""]";;;;;"{""1"":2}";"[{""section_id"":""17344"",""section_tipo"":""lg-spa""}]";;"[{""section_id"":""2"",""section_tipo"":""hierarchy13""}]";"[""GLP""]"
86;"[{""section_id"":""2"",""section_tipo"":""dd64""}]";;"{""lg-spa"":[""Guinea Ecuatorial""]}";;"[""GQ""]";;;;;"{""1"":2}";"[{""section_id"":""17344"",""section_tipo"":""lg-spa""}]";;"[{""section_id"":""2"",""section_tipo"":""hierarchy13""}]";"[""GNQ""]"
87;"[{""section_id"":""1"",""section_tipo"":""dd64""}]";6;"{""lg-spa"":[""Grecia""],""lg-eng"":[""Greece""]}";"[""gr2""]";"[""GR""]";"[{""type"":""dd48"",""section_id"":""1"",""section_tipo"":""gr2"",""from_component_tipo"":""hierarchy59""}]";"[""gr1""]";"[{""section_id"":""1"",""section_tipo"":""dd64""}]";"[{""type"":""dd48"",""section_id"":""1"",""section_tipo"":""gr1"",""from_component_tipo"":""hierarchy45""}]";"{""1"":2}";"[{""section_id"":""5101"",""section_tipo"":""lg1""}]";;"[{""section_id"":""2"",""section_tipo"":""hierarchy13""}]";"[""GRC""]"
88;"[{""section_id"":""2"",""section_tipo"":""dd64""}]";;"{""lg-spa"":[""Islas Georgias del Sur y Sandwich del Sur""]}";;"[""GS""]";;;;;;"[{""section_id"":""17344"",""section_tipo"":""lg-spa""}]";;"[{""section_id"":""2"",""section_tipo"":""hierarchy13""}]";"[""SGS""]"
89;"[{""section_id"":""2"",""section_tipo"":""dd64""}]";;"{""lg-spa"":[""Guatemala""]}";;"[""GT""]";;;;;;"[{""section_id"":""17344"",""section_tipo"":""lg-spa""}]";;"[{""section_id"":""2"",""section_tipo"":""hierarchy13""}]";"[""GTM""]"
90;"[{""section_id"":""2"",""section_tipo"":""dd64""}]";;"{""lg-spa"":[""Guam""]}";;"[""GU""]";;;;;;"[{""section_id"":""17344"",""section_tipo"":""lg-spa""}]";;"[{""section_id"":""2"",""section_tipo"":""hierarchy13""}]";"[""GUM""]"
91;"[{""section_id"":""2"",""section_tipo"":""dd64""}]";;"{""lg-spa"":[""Guinea-Bissau""]}";;"[""GW""]";;;;;;"[{""section_id"":""17344"",""section_tipo"":""lg-spa""}]";;"[{""section_id"":""2"",""section_tipo"":""hierarchy13""}]";"[""GNB""]"
92;"[{""section_id"":""2"",""section_tipo"":""dd64""}]";;"{""lg-spa"":[""Guyana""]}";;"[""GY""]";;;;;;"[{""section_id"":""17344"",""section_tipo"":""lg-spa""}]";;"[{""section_id"":""2"",""section_tipo"":""hierarchy13""}]";"[""GUY""]"
93;"[{""section_id"":""2"",""section_tipo"":""dd64""}]";;"{""lg-spa"":[""Hong Kong""]}";;"[""HK""]";;;;;;"[{""section_id"":""17344"",""section_tipo"":""lg-spa""}]";;"[{""section_id"":""2"",""section_tipo"":""hierarchy13""}]";"[""HKG""]"
94;"[{""section_id"":""2"",""section_tipo"":""dd64""}]";;"{""lg-spa"":[""Islas Heard y McDonald""]}";;"[""HM""]";;;;;;"[{""section_id"":""17344"",""section_tipo"":""lg-spa""}]";;"[{""section_id"":""2"",""section_tipo"":""hierarchy13""}]";"[""HMD""]"
95;"[{""section_id"":""2"",""section_tipo"":""dd64""}]";;"{""lg-spa"":[""Honduras""]}";;"[""HN""]";;;;;;"[{""section_id"":""17344"",""section_tipo"":""lg-spa""}]";;"[{""section_id"":""2"",""section_tipo"":""hierarchy13""}]";"[""HND""]"
96;"[{""section_id"":""2"",""section_tipo"":""dd64""}]";;"{""lg-spa"":[""Croacia""]}";;"[""HR""]";;;;;;"[{""section_id"":""17344"",""section_tipo"":""lg-spa""}]";;"[{""section_id"":""2"",""section_tipo"":""hierarchy13""}]";"[""HRV""]"
97;"[{""section_id"":""2"",""section_tipo"":""dd64""}]";;"{""lg-spa"":[""Haití""]}";;"[""HT""]";;;;;;"[{""section_id"":""17344"",""section_tipo"":""lg-spa""}]";;"[{""section_id"":""2"",""section_tipo"":""hierarchy13""}]";"[""HTI""]"
98;"[{""section_id"":""2"",""section_tipo"":""dd64""}]";;"{""lg-spa"":[""Hungría""]}";;"[""HU""]";;;;;;"[{""section_id"":""17344"",""section_tipo"":""lg-spa""}]";;"[{""section_id"":""2"",""section_tipo"":""hierarchy13""}]";"[""HUN""]"
99;"[{""section_id"":""2"",""section_tipo"":""dd64""}]";;"{""lg-spa"":[""Indonesia""]}";;"[""ID""]";;;;;;"[{""section_id"":""17344"",""section_tipo"":""lg-spa""}]";;"[{""section_id"":""2"",""section_tipo"":""hierarchy13""}]";"[""IDN""]"
100;"[{""section_id"":""2"",""section_tipo"":""dd64""}]";;"{""lg-spa"":[""Irlanda""]}";;"[""IE""]";;;;;;"[{""section_id"":""17344"",""section_tipo"":""lg-spa""}]";;"[{""section_id"":""2"",""section_tipo"":""hierarchy13""}]";"[""IRL""]"
101;"[{""section_id"":""2"",""section_tipo"":""dd64""}]";;"{""lg-spa"":[""Israel""]}";;"[""IL""]";;;;;;"[{""section_id"":""17344"",""section_tipo"":""lg-spa""}]";;"[{""section_id"":""2"",""section_tipo"":""hierarchy13""}]";"[""ISR""]"
102;"[{""section_id"":""2"",""section_tipo"":""dd64""}]";;"{""lg-spa"":[""Isla de Man""]}";;"[""IM""]";;;;;;"[{""section_id"":""17344"",""section_tipo"":""lg-spa""}]";;"[{""section_id"":""2"",""section_tipo"":""hierarchy13""}]";"[""IMN""]"
103;"[{""section_id"":""2"",""section_tipo"":""dd64""}]";;"{""lg-spa"":[""India""]}";;"[""IN""]";;;;;;"[{""section_id"":""17344"",""section_tipo"":""lg-spa""}]";;"[{""section_id"":""2"",""section_tipo"":""hierarchy13""}]";"[""IND""]"
104;"[{""section_id"":""2"",""section_tipo"":""dd64""}]";;"{""lg-spa"":[""Territorio Británico del Océano Índico""]}";;"[""IO""]";;;;;;"[{""section_id"":""17344"",""section_tipo"":""lg-spa""}]";;"[{""section_id"":""2"",""section_tipo"":""hierarchy13""}]";"[""IOT""]"
105;"[{""section_id"":""2"",""section_tipo"":""dd64""}]";;"{""lg-spa"":[""Iraq""]}";;"[""IQ""]";;;;;;"[{""section_id"":""17344"",""section_tipo"":""lg-spa""}]";;"[{""section_id"":""2"",""section_tipo"":""hierarchy13""}]";"[""IRQ""]"
106;"[{""section_id"":""2"",""section_tipo"":""dd64""}]";;"{""lg-spa"":[""Irán""]}";;"[""IR""]";;;;;;"[{""section_id"":""17344"",""section_tipo"":""lg-spa""}]";;"[{""section_id"":""2"",""section_tipo"":""hierarchy13""}]";"[""IRN""]"
107;"[{""section_id"":""2"",""section_tipo"":""dd64""}]";;"{""lg-spa"":[""Islandia""]}";;"[""IS""]";;;;;;"[{""section_id"":""17344"",""section_tipo"":""lg-spa""}]";;"[{""section_id"":""2"",""section_tipo"":""hierarchy13""}]";"[""ISL""]"
108;"[{""section_id"":""2"",""section_tipo"":""dd64""}]";;"{""lg-spa"":[""Italia""]}";;"[""IT""]";;;;;;"[{""section_id"":""17344"",""section_tipo"":""lg-spa""}]";;"[{""section_id"":""2"",""section_tipo"":""hierarchy13""}]";"[""ITA""]"
109;"[{""section_id"":""2"",""section_tipo"":""dd64""}]";;"{""lg-spa"":[""Jersey""]}";;"[""JE""]";;;;;;"[{""section_id"":""17344"",""section_tipo"":""lg-spa""}]";;"[{""section_id"":""2"",""section_tipo"":""hierarchy13""}]";"[""JEY""]"
110;"[{""section_id"":""2"",""section_tipo"":""dd64""}]";;"{""lg-spa"":[""Jamaica""]}";;"[""JM""]";;;;;;"[{""section_id"":""17344"",""section_tipo"":""lg-spa""}]";;"[{""section_id"":""2"",""section_tipo"":""hierarchy13""}]";"[""JAM""]"
111;"[{""section_id"":""2"",""section_tipo"":""dd64""}]";;"{""lg-spa"":[""Jordania""]}";;"[""JO""]";;;;;;"[{""section_id"":""17344"",""section_tipo"":""lg-spa""}]";;"[{""section_id"":""2"",""section_tipo"":""hierarchy13""}]";"[""JOR""]"
112;"[{""section_id"":""2"",""section_tipo"":""dd64""}]";;"{""lg-spa"":[""Japón""]}";;"[""JP""]";;;;;;"[{""section_id"":""17344"",""section_tipo"":""lg-spa""}]";;"[{""section_id"":""2"",""section_tipo"":""hierarchy13""}]";"[""JPN""]"
113;"[{""section_id"":""2"",""section_tipo"":""dd64""}]";;"{""lg-spa"":[""Kenia""]}";;"[""KE""]";;;;;;"[{""section_id"":""17344"",""section_tipo"":""lg-spa""}]";;"[{""section_id"":""2"",""section_tipo"":""hierarchy13""}]";"[""KEN""]"
114;"[{""section_id"":""2"",""section_tipo"":""dd64""}]";;"{""lg-spa"":[""Kirguistán""]}";;"[""KG""]";;;;;;"[{""section_id"":""17344"",""section_tipo"":""lg-spa""}]";;"[{""section_id"":""2"",""section_tipo"":""hierarchy13""}]";"[""KGZ""]"
115;"[{""section_id"":""2"",""section_tipo"":""dd64""}]";;"{""lg-spa"":[""Camboya""]}";;"[""KH""]";;;;;;"[{""section_id"":""17344"",""section_tipo"":""lg-spa""}]";;"[{""section_id"":""2"",""section_tipo"":""hierarchy13""}]";"[""KHM""]"
116;"[{""section_id"":""2"",""section_tipo"":""dd64""}]";;"{""lg-spa"":[""Kiribati""]}";;"[""KI""]";;;;;;"[{""section_id"":""17344"",""section_tipo"":""lg-spa""}]";;"[{""section_id"":""2"",""section_tipo"":""hierarchy13""}]";"[""KIR""]"
117;"[{""section_id"":""2"",""section_tipo"":""dd64""}]";;"{""lg-spa"":[""Comoras""]}";;"[""KM""]";;;;;;"[{""section_id"":""17344"",""section_tipo"":""lg-spa""}]";;"[{""section_id"":""2"",""section_tipo"":""hierarchy13""}]";"[""COM""]"
118;"[{""section_id"":""2"",""section_tipo"":""dd64""}]";;"{""lg-spa"":[""San Cristóbal y Nieves""]}";;"[""KN""]";;;;;;"[{""section_id"":""17344"",""section_tipo"":""lg-spa""}]";;"[{""section_id"":""2"",""section_tipo"":""hierarchy13""}]";"[""KNA""]"
119;"[{""section_id"":""2"",""section_tipo"":""dd64""}]";;"{""lg-spa"":[""Corea del Norte""]}";;"[""KP""]";;;;;;"[{""section_id"":""17344"",""section_tipo"":""lg-spa""}]";;"[{""section_id"":""2"",""section_tipo"":""hierarchy13""}]";"[""PRK""]"
120;"[{""section_id"":""2"",""section_tipo"":""dd64""}]";;"{""lg-spa"":[""Corea del Sur""]}";;"[""KR""]";;;;;;"[{""section_id"":""17344"",""section_tipo"":""lg-spa""}]";;"[{""section_id"":""2"",""section_tipo"":""hierarchy13""}]";"[""KOR""]"
121;"[{""section_id"":""2"",""section_tipo"":""dd64""}]";;"{""lg-spa"":[""Kuwait""]}";;"[""KW""]";;;;;;"[{""section_id"":""17344"",""section_tipo"":""lg-spa""}]";;"[{""section_id"":""2"",""section_tipo"":""hierarchy13""}]";"[""KWT""]"
122;"[{""section_id"":""2"",""section_tipo"":""dd64""}]";;"{""lg-spa"":[""Islas Caimán""]}";;"[""KY""]";;;;;;"[{""section_id"":""17344"",""section_tipo"":""lg-spa""}]";;"[{""section_id"":""2"",""section_tipo"":""hierarchy13""}]";"[""CYM""]"
123;"[{""section_id"":""2"",""section_tipo"":""dd64""}]";;"{""lg-spa"":[""Kazajistán""]}";;"[""KZ""]";;;;;;"[{""section_id"":""17344"",""section_tipo"":""lg-spa""}]";;"[{""section_id"":""2"",""section_tipo"":""hierarchy13""}]";"[""KAZ""]"
124;"[{""section_id"":""2"",""section_tipo"":""dd64""}]";;"{""lg-spa"":[""Laos""]}";;"[""LA""]";;;;;;"[{""section_id"":""17344"",""section_tipo"":""lg-spa""}]";;"[{""section_id"":""2"",""section_tipo"":""hierarchy13""}]";"[""LAO""]"
125;"[{""section_id"":""2"",""section_tipo"":""dd64""}]";;"{""lg-spa"":[""Líbano""]}";;"[""LB""]";;;;;;"[{""section_id"":""17344"",""section_tipo"":""lg-spa""}]";;"[{""section_id"":""2"",""section_tipo"":""hierarchy13""}]";"[""LBN""]"
126;"[{""section_id"":""2"",""section_tipo"":""dd64""}]";;"{""lg-spa"":[""Santa Lucía""]}";;"[""LC""]";;;;;;"[{""section_id"":""17344"",""section_tipo"":""lg-spa""}]";;"[{""section_id"":""2"",""section_tipo"":""hierarchy13""}]";"[""LCA""]"
127;"[{""section_id"":""2"",""section_tipo"":""dd64""}]";;"{""lg-spa"":[""Liechtenstein""]}";;"[""LI""]";;;;;;"[{""section_id"":""17344"",""section_tipo"":""lg-spa""}]";;"[{""section_id"":""2"",""section_tipo"":""hierarchy13""}]";"[""LIE""]"
128;"[{""section_id"":""2"",""section_tipo"":""dd64""}]";;"{""lg-spa"":[""Sri Lanka""]}";;"[""LK""]";;;;;;"[{""section_id"":""17344"",""section_tipo"":""lg-spa""}]";;"[{""section_id"":""2"",""section_tipo"":""hierarchy13""}]";"[""LKA""]"
129;"[{""section_id"":""2"",""section_tipo"":""dd64""}]";;"{""lg-spa"":[""Liberia""]}";;"[""LR""]";;;;;;"[{""section_id"":""17344"",""section_tipo"":""lg-spa""}]";;"[{""section_id"":""2"",""section_tipo"":""hierarchy13""}]";"[""LBR""]"
130;"[{""section_id"":""2"",""section_tipo"":""dd64""}]";;"{""lg-spa"":[""Lesoto""]}";;"[""LS""]";;;;;;"[{""section_id"":""17344"",""section_tipo"":""lg-spa""}]";;"[{""section_id"":""2"",""section_tipo"":""hierarchy13""}]";"[""LSO""]"
131;"[{""section_id"":""2"",""section_tipo"":""dd64""}]";;"{""lg-spa"":[""Lituania""]}";;"[""LT""]";;;;;;"[{""section_id"":""17344"",""section_tipo"":""lg-spa""}]";;"[{""section_id"":""2"",""section_tipo"":""hierarchy13""}]";"[""LTU""]"
132;"[{""section_id"":""2"",""section_tipo"":""dd64""}]";;"{""lg-spa"":[""Luxemburgo""]}";;"[""LU""]";;;;;;"[{""section_id"":""17344"",""section_tipo"":""lg-spa""}]";;"[{""section_id"":""2"",""section_tipo"":""hierarchy13""}]";"[""LUX""]"
133;"[{""section_id"":""2"",""section_tipo"":""dd64""}]";;"{""lg-spa"":[""Letonia""]}";;"[""LV""]";;;;;;"[{""section_id"":""17344"",""section_tipo"":""lg-spa""}]";;"[{""section_id"":""2"",""section_tipo"":""hierarchy13""}]";"[""LVA""]"
134;"[{""section_id"":""2"",""section_tipo"":""dd64""}]";;"{""lg-spa"":[""Libia""]}";;"[""LY""]";;;;;;"[{""section_id"":""17344"",""section_tipo"":""lg-spa""}]";;"[{""section_id"":""2"",""section_tipo"":""hierarchy13""}]";"[""LBY""]"
135;"[{""section_id"":""1"",""section_tipo"":""dd64""}]";;"{""lg-spa"":[""Marruecos""],""lg-eng"":[""Morocco""]}";"[""ma2""]";"[""MA""]";"[{""type"":""dd48"",""section_id"":""2"",""section_tipo"":""ma2"",""from_component_tipo"":""hierarchy59""}]";"[""ma1""]";;"[{""type"":""dd48"",""section_id"":""1"",""section_tipo"":""ma1"",""from_component_tipo"":""hierarchy45""}]";"{""1"":2}";"[{""section_id"":""5450"",""section_tipo"":""lg1""}]";;"[{""section_id"":""2"",""section_tipo"":""hierarchy13""}]";"[""MAR""]"
136;"[{""section_id"":""2"",""section_tipo"":""dd64""}]";;"{""lg-spa"":[""Mónaco""]}";;"[""MC""]";;;;;;"[{""section_id"":""17344"",""section_tipo"":""lg-spa""}]";;"[{""section_id"":""2"",""section_tipo"":""hierarchy13""}]";"[""MCO""]"
137;"[{""section_id"":""2"",""section_tipo"":""dd64""}]";;"{""lg-spa"":[""Moldavia""]}";;"[""MD""]";;;;;;"[{""section_id"":""17344"",""section_tipo"":""lg-spa""}]";;"[{""section_id"":""2"",""section_tipo"":""hierarchy13""}]";"[""MDA""]"
138;"[{""section_id"":""2"",""section_tipo"":""dd64""}]";;"{""lg-spa"":[""Montenegro""]}";;"[""ME""]";;;;;;"[{""section_id"":""17344"",""section_tipo"":""lg-spa""}]";;"[{""section_id"":""2"",""section_tipo"":""hierarchy13""}]";"[""MNE""]"
139;"[{""section_id"":""2"",""section_tipo"":""dd64""}]";;"{""lg-spa"":[""Madagascar""]}";;"[""MG""]";;;;;;"[{""section_id"":""17344"",""section_tipo"":""lg-spa""}]";;"[{""section_id"":""2"",""section_tipo"":""hierarchy13""}]";"[""MDG""]"
140;"[{""section_id"":""2"",""section_tipo"":""dd64""}]";;"{""lg-spa"":[""Islas Marshall""]}";;"[""MH""]";;;;;;"[{""section_id"":""17344"",""section_tipo"":""lg-spa""}]";;"[{""section_id"":""2"",""section_tipo"":""hierarchy13""}]";"[""MHL""]"
141;"[{""section_id"":""2"",""section_tipo"":""dd64""}]";;"{""lg-spa"":[""ARY Macedonia""]}";;"[""MK""]";;;;;"{""1"":2}";"[{""section_id"":""17344"",""section_tipo"":""lg-spa""}]";;"[{""section_id"":""2"",""section_tipo"":""hierarchy13""}]";"[""MKD""]"
142;"[{""section_id"":""2"",""section_tipo"":""dd64""}]";;"{""lg-spa"":[""Malí""]}";;"[""ML""]";;;;;;"[{""section_id"":""17344"",""section_tipo"":""lg-spa""}]";;"[{""section_id"":""2"",""section_tipo"":""hierarchy13""}]";"[""MLI""]"
143;"[{""section_id"":""2"",""section_tipo"":""dd64""}]";;"{""lg-spa"":[""Myanmar""]}";;"[""MM""]";;;;;;"[{""section_id"":""17344"",""section_tipo"":""lg-spa""}]";;"[{""section_id"":""2"",""section_tipo"":""hierarchy13""}]";"[""MMR""]"
144;"[{""section_id"":""2"",""section_tipo"":""dd64""}]";;"{""lg-spa"":[""Mongolia""]}";;"[""MN""]";;;;;;"[{""section_id"":""17344"",""section_tipo"":""lg-spa""}]";;"[{""section_id"":""2"",""section_tipo"":""hierarchy13""}]";"[""MNG""]"
145;"[{""section_id"":""2"",""section_tipo"":""dd64""}]";;"{""lg-spa"":[""Macao""]}";;"[""MO""]";;;;;;"[{""section_id"":""17344"",""section_tipo"":""lg-spa""}]";;"[{""section_id"":""2"",""section_tipo"":""hierarchy13""}]";"[""MAC""]"
146;"[{""section_id"":""2"",""section_tipo"":""dd64""}]";;"{""lg-spa"":[""Islas Marianas del Norte""]}";;"[""MP""]";;;;;;"[{""section_id"":""17344"",""section_tipo"":""lg-spa""}]";;"[{""section_id"":""2"",""section_tipo"":""hierarchy13""}]";"[""MNP""]"
147;"[{""section_id"":""2"",""section_tipo"":""dd64""}]";;"{""lg-spa"":[""Martinica""]}";;"[""MQ""]";;;;;;"[{""section_id"":""17344"",""section_tipo"":""lg-spa""}]";;"[{""section_id"":""2"",""section_tipo"":""hierarchy13""}]";"[""MTQ""]"
148;"[{""section_id"":""2"",""section_tipo"":""dd64""}]";;"{""lg-spa"":[""Mauritania""]}";;"[""MR""]";;;;;;"[{""section_id"":""17344"",""section_tipo"":""lg-spa""}]";;"[{""section_id"":""2"",""section_tipo"":""hierarchy13""}]";"[""MRT""]"
149;"[{""section_id"":""2"",""section_tipo"":""dd64""}]";;"{""lg-spa"":[""Montserrat""]}";;"[""MS""]";;;;;;"[{""section_id"":""17344"",""section_tipo"":""lg-spa""}]";;"[{""section_id"":""2"",""section_tipo"":""hierarchy13""}]";"[""MSR""]"
150;"[{""section_id"":""2"",""section_tipo"":""dd64""}]";;"{""lg-spa"":[""Malta""]}";;"[""MT""]";;;;;;"[{""section_id"":""17344"",""section_tipo"":""lg-spa""}]";;"[{""section_id"":""2"",""section_tipo"":""hierarchy13""}]";"[""MLT""]"
151;"[{""section_id"":""2"",""section_tipo"":""dd64""}]";;"{""lg-spa"":[""Mauricio""]}";;"[""MU""]";;;;;;"[{""section_id"":""17344"",""section_tipo"":""lg-spa""}]";;"[{""section_id"":""2"",""section_tipo"":""hierarchy13""}]";"[""MUS""]"
152;"[{""section_id"":""2"",""section_tipo"":""dd64""}]";;"{""lg-spa"":[""Maldivas""]}";;"[""MV""]";;;;;;"[{""section_id"":""17344"",""section_tipo"":""lg-spa""}]";;"[{""section_id"":""2"",""section_tipo"":""hierarchy13""}]";"[""MDV""]"
153;"[{""section_id"":""2"",""section_tipo"":""dd64""}]";;"{""lg-spa"":[""Malawi""]}";;"[""MW""]";;;;;;"[{""section_id"":""17344"",""section_tipo"":""lg-spa""}]";;"[{""section_id"":""2"",""section_tipo"":""hierarchy13""}]";"[""MWI""]"
154;"[{""section_id"":""2"",""section_tipo"":""dd64""}]";;"{""lg-spa"":[""México""]}";;"[""MX""]";;;;;;"[{""section_id"":""17344"",""section_tipo"":""lg-spa""}]";;"[{""section_id"":""2"",""section_tipo"":""hierarchy13""}]";"[""MEX""]"
155;"[{""section_id"":""2"",""section_tipo"":""dd64""}]";;"{""lg-spa"":[""Malasia""]}";;"[""MY""]";;;;;;"[{""section_id"":""17344"",""section_tipo"":""lg-spa""}]";;"[{""section_id"":""2"",""section_tipo"":""hierarchy13""}]";"[""MYS""]"
156;"[{""section_id"":""2"",""section_tipo"":""dd64""}]";;"{""lg-spa"":[""Mozambique""]}";;"[""MZ""]";;;;;;"[{""section_id"":""17344"",""section_tipo"":""lg-spa""}]";;"[{""section_id"":""2"",""section_tipo"":""hierarchy13""}]";"[""MOZ""]"
157;"[{""section_id"":""2"",""section_tipo"":""dd64""}]";;"{""lg-spa"":[""Namibia""]}";;"[""NA""]";;;;;;"[{""section_id"":""17344"",""section_tipo"":""lg-spa""}]";;"[{""section_id"":""2"",""section_tipo"":""hierarchy13""}]";"[""NAM""]"
158;"[{""section_id"":""2"",""section_tipo"":""dd64""}]";;"{""lg-spa"":[""Nueva Caledonia""]}";;"[""NC""]";;;;;;"[{""section_id"":""17344"",""section_tipo"":""lg-spa""}]";;"[{""section_id"":""2"",""section_tipo"":""hierarchy13""}]";"[""NCL""]"
159;"[{""section_id"":""2"",""section_tipo"":""dd64""}]";;"{""lg-spa"":[""Níger""]}";;"[""NE""]";;;;;;"[{""section_id"":""17344"",""section_tipo"":""lg-spa""}]";;"[{""section_id"":""2"",""section_tipo"":""hierarchy13""}]";"[""NER""]"
160;"[{""section_id"":""2"",""section_tipo"":""dd64""}]";;"{""lg-spa"":[""Norfolk""]}";;"[""NF""]";;;;;;"[{""section_id"":""17344"",""section_tipo"":""lg-spa""}]";;"[{""section_id"":""2"",""section_tipo"":""hierarchy13""}]";"[""NFK""]"
161;"[{""section_id"":""2"",""section_tipo"":""dd64""}]";;"{""lg-spa"":[""Nigeria""]}";;"[""NG""]";;;;;;"[{""section_id"":""17344"",""section_tipo"":""lg-spa""}]";;"[{""section_id"":""2"",""section_tipo"":""hierarchy13""}]";"[""NGA""]"
162;"[{""section_id"":""2"",""section_tipo"":""dd64""}]";;"{""lg-spa"":[""Nicaragua""]}";;"[""NI""]";;;;;;"[{""section_id"":""17344"",""section_tipo"":""lg-spa""}]";;"[{""section_id"":""2"",""section_tipo"":""hierarchy13""}]";"[""NIC""]"
163;"[{""section_id"":""2"",""section_tipo"":""dd64""}]";;"{""lg-spa"":[""Países Bajos""]}";;"[""NL""]";;;;;;"[{""section_id"":""17344"",""section_tipo"":""lg-spa""}]";;"[{""section_id"":""2"",""section_tipo"":""hierarchy13""}]";"[""NLD""]"
164;"[{""section_id"":""2"",""section_tipo"":""dd64""}]";;"{""lg-spa"":[""Noruega""]}";;"[""NO""]";;;;;;"[{""section_id"":""17344"",""section_tipo"":""lg-spa""}]";;"[{""section_id"":""2"",""section_tipo"":""hierarchy13""}]";"[""NOR""]"
165;"[{""section_id"":""2"",""section_tipo"":""dd64""}]";;"{""lg-spa"":[""Nepal""]}";;"[""NP""]";;;;;;"[{""section_id"":""17344"",""section_tipo"":""lg-spa""}]";;"[{""section_id"":""2"",""section_tipo"":""hierarchy13""}]";"[""NPL""]"
166;"[{""section_id"":""2"",""section_tipo"":""dd64""}]";;"{""lg-spa"":[""Nauru""]}";;"[""NR""]";;;;;;"[{""section_id"":""17344"",""section_tipo"":""lg-spa""}]";;"[{""section_id"":""2"",""section_tipo"":""hierarchy13""}]";"[""NRU""]"
167;"[{""section_id"":""2"",""section_tipo"":""dd64""}]";;"{""lg-spa"":[""Niue""]}";;"[""NU""]";;;;;;"[{""section_id"":""17344"",""section_tipo"":""lg-spa""}]";;"[{""section_id"":""2"",""section_tipo"":""hierarchy13""}]";"[""NIU""]"
168;"[{""section_id"":""2"",""section_tipo"":""dd64""}]";;"{""lg-spa"":[""Nueva Zelanda""]}";;"[""NZ""]";;;;;;"[{""section_id"":""17344"",""section_tipo"":""lg-spa""}]";;"[{""section_id"":""2"",""section_tipo"":""hierarchy13""}]";"[""NZL""]"
169;"[{""section_id"":""2"",""section_tipo"":""dd64""}]";;"{""lg-spa"":[""Omán""]}";;"[""OM""]";;;;;;"[{""section_id"":""17344"",""section_tipo"":""lg-spa""}]";;"[{""section_id"":""2"",""section_tipo"":""hierarchy13""}]";"[""OMN""]"
170;"[{""section_id"":""2"",""section_tipo"":""dd64""}]";;"{""lg-spa"":[""Panamá""]}";;"[""PA""]";;;;;;"[{""section_id"":""17344"",""section_tipo"":""lg-spa""}]";;"[{""section_id"":""2"",""section_tipo"":""hierarchy13""}]";"[""PAN""]"
171;"[{""section_id"":""2"",""section_tipo"":""dd64""}]";;"{""lg-spa"":[""Perú""]}";;"[""PE""]";;;;;;"[{""section_id"":""17344"",""section_tipo"":""lg-spa""}]";;"[{""section_id"":""2"",""section_tipo"":""hierarchy13""}]";"[""PER""]"
172;"[{""section_id"":""2"",""section_tipo"":""dd64""}]";;"{""lg-spa"":[""Polinesia Francesa""]}";;"[""PF""]";;;;;;"[{""section_id"":""17344"",""section_tipo"":""lg-spa""}]";;"[{""section_id"":""2"",""section_tipo"":""hierarchy13""}]";"[""PYF""]"
173;"[{""section_id"":""2"",""section_tipo"":""dd64""}]";;"{""lg-spa"":[""Papúa Nueva Guinea""]}";;"[""PG""]";;;;;;"[{""section_id"":""17344"",""section_tipo"":""lg-spa""}]";;"[{""section_id"":""2"",""section_tipo"":""hierarchy13""}]";"[""PNG""]"
174;"[{""section_id"":""2"",""section_tipo"":""dd64""}]";;"{""lg-spa"":[""Filipinas""]}";;"[""PH""]";;;;;;"[{""section_id"":""17344"",""section_tipo"":""lg-spa""}]";;"[{""section_id"":""2"",""section_tipo"":""hierarchy13""}]";"[""PHL""]"
175;"[{""section_id"":""2"",""section_tipo"":""dd64""}]";;"{""lg-spa"":[""Pakistán""]}";;"[""PK""]";;;;;;"[{""section_id"":""17344"",""section_tipo"":""lg-spa""}]";;"[{""section_id"":""2"",""section_tipo"":""hierarchy13""}]";"[""PAK""]"
176;"[{""section_id"":""2"",""section_tipo"":""dd64""}]";;"{""lg-spa"":[""Polonia""]}";;"[""PL""]";;;;;;"[{""section_id"":""17344"",""section_tipo"":""lg-spa""}]";;"[{""section_id"":""2"",""section_tipo"":""hierarchy13""}]";"[""POL""]"
177;"[{""section_id"":""2"",""section_tipo"":""dd64""}]";;"{""lg-spa"":[""San Pedro y Miquelón""]}";;"[""PM""]";;;;;;"[{""section_id"":""17344"",""section_tipo"":""lg-spa""}]";;"[{""section_id"":""2"",""section_tipo"":""hierarchy13""}]";"[""SPM""]"
178;"[{""section_id"":""2"",""section_tipo"":""dd64""}]";;"{""lg-spa"":[""Islas Pitcairn""]}";;"[""PN""]";;;;;;"[{""section_id"":""17344"",""section_tipo"":""lg-spa""}]";;"[{""section_id"":""2"",""section_tipo"":""hierarchy13""}]";"[""PCN""]"
179;"[{""section_id"":""2"",""section_tipo"":""dd64""}]";;"{""lg-spa"":[""Puerto Rico""]}";;"[""PR""]";;;;;;"[{""section_id"":""17344"",""section_tipo"":""lg-spa""}]";;"[{""section_id"":""2"",""section_tipo"":""hierarchy13""}]";"[""PRI""]"
180;"[{""section_id"":""2"",""section_tipo"":""dd64""}]";;"{""lg-spa"":[""Palestina (ANP)""]}";;"[""PS""]";;;;;;"[{""section_id"":""17344"",""section_tipo"":""lg-spa""}]";;"[{""section_id"":""2"",""section_tipo"":""hierarchy13""}]";"[""PSE""]"
181;"[{""section_id"":""1"",""section_tipo"":""dd64""}]";;"{""lg-spa"":[""Portugal""],""lg-eng"":[""Portugal""]}";"[""pt2""]";"[""PT""]";"[{""type"":""dd48"",""section_id"":""2"",""section_tipo"":""pt2"",""from_component_tipo"":""hierarchy59""}]";"[""pt1""]";;"[{""type"":""dd48"",""section_id"":""1"",""section_tipo"":""pt1"",""from_component_tipo"":""hierarchy45""}]";"{""1"":2}";"[{""section_id"":""14895"",""section_tipo"":""lg1""}]";;"[{""section_id"":""2"",""section_tipo"":""hierarchy13""}]";"[""PRT""]"
182;"[{""section_id"":""2"",""section_tipo"":""dd64""}]";;"{""lg-spa"":[""Palaos""]}";;"[""PW""]";;;;;;"[{""section_id"":""17344"",""section_tipo"":""lg-spa""}]";;"[{""section_id"":""2"",""section_tipo"":""hierarchy13""}]";"[""PLW""]"
183;"[{""section_id"":""2"",""section_tipo"":""dd64""}]";;"{""lg-spa"":[""Paraguay""]}";;"[""PY""]";;;;;;"[{""section_id"":""17344"",""section_tipo"":""lg-spa""}]";;"[{""section_id"":""2"",""section_tipo"":""hierarchy13""}]";"[""PRY""]"
184;"[{""section_id"":""2"",""section_tipo"":""dd64""}]";;"{""lg-spa"":[""Qatar""]}";;"[""QA""]";;;;;;"[{""section_id"":""17344"",""section_tipo"":""lg-spa""}]";;"[{""section_id"":""2"",""section_tipo"":""hierarchy13""}]";"[""QAT""]"
185;"[{""section_id"":""2"",""section_tipo"":""dd64""}]";;"{""lg-spa"":[""Reunión""]}";;"[""RE""]";;;;;;"[{""section_id"":""17344"",""section_tipo"":""lg-spa""}]";;"[{""section_id"":""2"",""section_tipo"":""hierarchy13""}]";"[""REU""]"
186;"[{""section_id"":""2"",""section_tipo"":""dd64""}]";;"{""lg-spa"":[""Rumania""]}";;"[""RO""]";;;;;;"[{""section_id"":""17344"",""section_tipo"":""lg-spa""}]";;"[{""section_id"":""2"",""section_tipo"":""hierarchy13""}]";"[""ROU""]"
187;"[{""section_id"":""2"",""section_tipo"":""dd64""}]";;"{""lg-spa"":[""Serbia""]}";;"[""RS""]";;;;;;"[{""section_id"":""17344"",""section_tipo"":""lg-spa""}]";;"[{""section_id"":""2"",""section_tipo"":""hierarchy13""}]";"[""SRB""]"
188;"[{""section_id"":""2"",""section_tipo"":""dd64""}]";;"{""lg-spa"":[""Ruanda""]}";;"[""RW""]";;;;;;"[{""section_id"":""17344"",""section_tipo"":""lg-spa""}]";;"[{""section_id"":""2"",""section_tipo"":""hierarchy13""}]";"[""RWA""]"
189;"[{""section_id"":""2"",""section_tipo"":""dd64""}]";;"{""lg-spa"":[""Arabia Saudita""]}";;"[""SA""]";;;;;;"[{""section_id"":""17344"",""section_tipo"":""lg-spa""}]";;"[{""section_id"":""2"",""section_tipo"":""hierarchy13""}]";"[""SAU""]"
190;"[{""section_id"":""2"",""section_tipo"":""dd64""}]";;"{""lg-spa"":[""Islas Salomón""]}";;"[""SB""]";;;;;;"[{""section_id"":""17344"",""section_tipo"":""lg-spa""}]";;"[{""section_id"":""2"",""section_tipo"":""hierarchy13""}]";"[""SLB""]"
191;"[{""section_id"":""2"",""section_tipo"":""dd64""}]";;"{""lg-spa"":[""Seychelles""]}";;"[""SC""]";;;;;;"[{""section_id"":""17344"",""section_tipo"":""lg-spa""}]";;"[{""section_id"":""2"",""section_tipo"":""hierarchy13""}]";"[""SYC""]"
192;"[{""section_id"":""2"",""section_tipo"":""dd64""}]";;"{""lg-spa"":[""Sudán""]}";;"[""SD""]";;;;;;"[{""section_id"":""17344"",""section_tipo"":""lg-spa""}]";;"[{""section_id"":""2"",""section_tipo"":""hierarchy13""}]";"[""SDN""]"
193;"[{""section_id"":""2"",""section_tipo"":""dd64""}]";;"{""lg-spa"":[""Suecia""]}";;"[""SE""]";;;;;;"[{""section_id"":""17344"",""section_tipo"":""lg-spa""}]";;"[{""section_id"":""2"",""section_tipo"":""hierarchy13""}]";"[""SWE""]"
194;"[{""section_id"":""2"",""section_tipo"":""dd64""}]";;"{""lg-spa"":[""Singapur""]}";;"[""SG""]";;;;;;"[{""section_id"":""17344"",""section_tipo"":""lg-spa""}]";;"[{""section_id"":""2"",""section_tipo"":""hierarchy13""}]";"[""SGP""]"
195;"[{""section_id"":""2"",""section_tipo"":""dd64""}]";;"{""lg-spa"":[""Santa Helena""]}";;"[""SH""]";;;;;;"[{""section_id"":""17344"",""section_tipo"":""lg-spa""}]";;"[{""section_id"":""2"",""section_tipo"":""hierarchy13""}]";"[""SHN""]"
196;"[{""section_id"":""2"",""section_tipo"":""dd64""}]";;"{""lg-spa"":[""Eslovenia""]}";;"[""SI""]";;;;;;"[{""section_id"":""17344"",""section_tipo"":""lg-spa""}]";;"[{""section_id"":""2"",""section_tipo"":""hierarchy13""}]";"[""SVN""]"
197;"[{""section_id"":""2"",""section_tipo"":""dd64""}]";;"{""lg-spa"":[""Svalbard y Jan Mayen""]}";;"[""SJ""]";;;;;;"[{""section_id"":""17344"",""section_tipo"":""lg-spa""}]";;"[{""section_id"":""2"",""section_tipo"":""hierarchy13""}]";"[""SJM""]"
198;"[{""section_id"":""2"",""section_tipo"":""dd64""}]";;"{""lg-spa"":[""Eslovaquia""]}";;"[""SK""]";;;;;;"[{""section_id"":""17344"",""section_tipo"":""lg-spa""}]";;"[{""section_id"":""2"",""section_tipo"":""hierarchy13""}]";"[""SVK""]"
199;"[{""section_id"":""2"",""section_tipo"":""dd64""}]";;"{""lg-spa"":[""Sierra Leona""]}";;"[""SL""]";;;;;;"[{""section_id"":""17344"",""section_tipo"":""lg-spa""}]";;"[{""section_id"":""2"",""section_tipo"":""hierarchy13""}]";"[""SLE""]"
200;"[{""section_id"":""2"",""section_tipo"":""dd64""}]";;"{""lg-spa"":[""San Marino""]}";;"[""SM""]";;;;;;"[{""section_id"":""17344"",""section_tipo"":""lg-spa""}]";;"[{""section_id"":""2"",""section_tipo"":""hierarchy13""}]";"[""SMR""]"
201;"[{""section_id"":""2"",""section_tipo"":""dd64""}]";;"{""lg-spa"":[""Senegal""]}";;"[""SN""]";;;;;;"[{""section_id"":""17344"",""section_tipo"":""lg-spa""}]";;"[{""section_id"":""2"",""section_tipo"":""hierarchy13""}]";"[""SEN""]"
202;"[{""section_id"":""2"",""section_tipo"":""dd64""}]";;"{""lg-spa"":[""Somalia""]}";;"[""SO""]";;;;;;"[{""section_id"":""17344"",""section_tipo"":""lg-spa""}]";;"[{""section_id"":""2"",""section_tipo"":""hierarchy13""}]";"[""SOM""]"
203;"[{""section_id"":""2"",""section_tipo"":""dd64""}]";;"{""lg-spa"":[""Surinam""]}";;"[""SR""]";;;;;;"[{""section_id"":""17344"",""section_tipo"":""lg-spa""}]";;"[{""section_id"":""2"",""section_tipo"":""hierarchy13""}]";"[""SUR""]"
204;"[{""section_id"":""2"",""section_tipo"":""dd64""}]";;"{""lg-spa"":[""Santo Tomé y Príncipe""]}";;"[""ST""]";;;;;;"[{""section_id"":""17344"",""section_tipo"":""lg-spa""}]";;"[{""section_id"":""2"",""section_tipo"":""hierarchy13""}]";"[""STP""]"
205;"[{""section_id"":""2"",""section_tipo"":""dd64""}]";;"{""lg-spa"":[""El Salvador""]}";;"[""SV""]";;;;;;"[{""section_id"":""17344"",""section_tipo"":""lg-spa""}]";;"[{""section_id"":""2"",""section_tipo"":""hierarchy13""}]";"[""SLV""]"
206;"[{""section_id"":""2"",""section_tipo"":""dd64""}]";;"{""lg-spa"":[""Siria""]}";;"[""SY""]";;;;;;"[{""section_id"":""17344"",""section_tipo"":""lg-spa""}]";;"[{""section_id"":""2"",""section_tipo"":""hierarchy13""}]";"[""SYR""]"
207;"[{""section_id"":""2"",""section_tipo"":""dd64""}]";;"{""lg-spa"":[""Suazilandia""]}";;"[""SZ""]";;;;;;"[{""section_id"":""17344"",""section_tipo"":""lg-spa""}]";;"[{""section_id"":""2"",""section_tipo"":""hierarchy13""}]";"[""SWZ""]"
208;"[{""section_id"":""2"",""section_tipo"":""dd64""}]";;"{""lg-spa"":[""Islas Turcas y Caicos""]}";;"[""TC""]";;;;;;"[{""section_id"":""17344"",""section_tipo"":""lg-spa""}]";;"[{""section_id"":""2"",""section_tipo"":""hierarchy13""}]";"[""TCA""]"
209;"[{""section_id"":""2"",""section_tipo"":""dd64""}]";;"{""lg-spa"":[""Chad""]}";;"[""TD""]";;;;;;"[{""section_id"":""17344"",""section_tipo"":""lg-spa""}]";;"[{""section_id"":""2"",""section_tipo"":""hierarchy13""}]";"[""TCD""]"
210;"[{""section_id"":""2"",""section_tipo"":""dd64""}]";;"{""lg-spa"":[""Territorios Australes Franceses""]}";;"[""TF""]";;;;;;"[{""section_id"":""17344"",""section_tipo"":""lg-spa""}]";;"[{""section_id"":""2"",""section_tipo"":""hierarchy13""}]";"[""ATF""]"
211;"[{""section_id"":""2"",""section_tipo"":""dd64""}]";;"{""lg-spa"":[""Togo""]}";;"[""TG""]";;;;;;"[{""section_id"":""17344"",""section_tipo"":""lg-spa""}]";;"[{""section_id"":""2"",""section_tipo"":""hierarchy13""}]";"[""TGO""]"
212;"[{""section_id"":""2"",""section_tipo"":""dd64""}]";;"{""lg-spa"":[""Tailandia""]}";;"[""TH""]";;;;;;"[{""section_id"":""17344"",""section_tipo"":""lg-spa""}]";;"[{""section_id"":""2"",""section_tipo"":""hierarchy13""}]";"[""THA""]"
213;"[{""section_id"":""2"",""section_tipo"":""dd64""}]";;"{""lg-spa"":[""Tayikistán""]}";;"[""TJ""]";;;;;;"[{""section_id"":""17344"",""section_tipo"":""lg-spa""}]";;"[{""section_id"":""2"",""section_tipo"":""hierarchy13""}]";"[""TJK""]"
214;"[{""section_id"":""2"",""section_tipo"":""dd64""}]";;"{""lg-spa"":[""Tokelau""]}";;"[""TK""]";;;;;;"[{""section_id"":""17344"",""section_tipo"":""lg-spa""}]";;"[{""section_id"":""2"",""section_tipo"":""hierarchy13""}]";"[""TKL""]"
215;"[{""section_id"":""2"",""section_tipo"":""dd64""}]";;"{""lg-spa"":[""Timor Oriental""]}";;"[""TL""]";;;;;;"[{""section_id"":""17344"",""section_tipo"":""lg-spa""}]";;"[{""section_id"":""2"",""section_tipo"":""hierarchy13""}]";"[""TLS""]"
216;"[{""section_id"":""2"",""section_tipo"":""dd64""}]";;"{""lg-spa"":[""Turkmenistán""]}";;"[""TM""]";;;;;;"[{""section_id"":""17344"",""section_tipo"":""lg-spa""}]";;"[{""section_id"":""2"",""section_tipo"":""hierarchy13""}]";"[""TKM""]"
217;"[{""section_id"":""2"",""section_tipo"":""dd64""}]";;"{""lg-spa"":[""Túnez""]}";;"[""TN""]";;;;;;"[{""section_id"":""17344"",""section_tipo"":""lg-spa""}]";;"[{""section_id"":""2"",""section_tipo"":""hierarchy13""}]";"[""TUN""]"
218;"[{""section_id"":""2"",""section_tipo"":""dd64""}]";;"{""lg-spa"":[""Tonga""]}";;"[""TO""]";;;;;;"[{""section_id"":""17344"",""section_tipo"":""lg-spa""}]";;"[{""section_id"":""2"",""section_tipo"":""hierarchy13""}]";"[""TON""]"
219;"[{""section_id"":""2"",""section_tipo"":""dd64""}]";;"{""lg-spa"":[""Turquía""]}";;"[""TR""]";;;;;;"[{""section_id"":""17344"",""section_tipo"":""lg-spa""}]";;"[{""section_id"":""2"",""section_tipo"":""hierarchy13""}]";"[""TUR""]"
220;"[{""section_id"":""2"",""section_tipo"":""dd64""}]";;"{""lg-spa"":[""Trinidad y Tobago""]}";;"[""TT""]";;;;;;"[{""section_id"":""17344"",""section_tipo"":""lg-spa""}]";;"[{""section_id"":""2"",""section_tipo"":""hierarchy13""}]";"[""TTO""]"
221;"[{""section_id"":""2"",""section_tipo"":""dd64""}]";;"{""lg-spa"":[""Tuvalu""]}";;"[""TV""]";;;;;;"[{""section_id"":""17344"",""section_tipo"":""lg-spa""}]";;"[{""section_id"":""2"",""section_tipo"":""hierarchy13""}]";"[""TUV""]"
222;"[{""section_id"":""2"",""section_tipo"":""dd64""}]";;"{""lg-spa"":[""Taiwán""]}";;"[""TW""]";;;;;;"[{""section_id"":""17344"",""section_tipo"":""lg-spa""}]";;"[{""section_id"":""2"",""section_tipo"":""hierarchy13""}]";"[""TWN""]"
223;"[{""section_id"":""2"",""section_tipo"":""dd64""}]";;"{""lg-spa"":[""Tanzania""]}";;"[""TZ""]";;;;;;"[{""section_id"":""17344"",""section_tipo"":""lg-spa""}]";;"[{""section_id"":""2"",""section_tipo"":""hierarchy13""}]";"[""TZA""]"
224;"[{""section_id"":""2"",""section_tipo"":""dd64""}]";;"{""lg-spa"":[""Ucrania""]}";;"[""UA""]";;;;;;"[{""section_id"":""17344"",""section_tipo"":""lg-spa""}]";;"[{""section_id"":""2"",""section_tipo"":""hierarchy13""}]";"[""UKR""]"
225;"[{""section_id"":""2"",""section_tipo"":""dd64""}]";;"{""lg-spa"":[""Uganda""]}";;"[""UG""]";;;;;;"[{""section_id"":""17344"",""section_tipo"":""lg-spa""}]";;"[{""section_id"":""2"",""section_tipo"":""hierarchy13""}]";"[""UGA""]"
226;"[{""section_id"":""2"",""section_tipo"":""dd64""}]";;"{""lg-spa"":[""Islas ultramarinas de Estados Unidos""]}";;"[""UM""]";;;;;;"[{""section_id"":""17344"",""section_tipo"":""lg-spa""}]";;"[{""section_id"":""2"",""section_tipo"":""hierarchy13""}]";"[""UMI""]"
227;"[{""section_id"":""1"",""section_tipo"":""dd64""}]";5;"{""lg-spa"":[""Estados Unidos""],""lg-eng"":[""United States""]}";"[""us2""]";"[""US""]";"[{""type"":""dd48"",""section_id"":""2"",""section_tipo"":""us2"",""from_component_tipo"":""hierarchy59""}]";"[""us1""]";;"[{""type"":""dd48"",""section_id"":""1"",""section_tipo"":""us1"",""from_component_tipo"":""hierarchy45""}]";"{""1"":2}";"[{""section_id"":""5101"",""section_tipo"":""lg1""}]";;"[{""section_id"":""2"",""section_tipo"":""hierarchy13""}]";"[""USA""]"
228;"[{""section_id"":""2"",""section_tipo"":""dd64""}]";;"{""lg-spa"":[""Uruguay""]}";;"[""UY""]";;;;;;"[{""section_id"":""17344"",""section_tipo"":""lg-spa""}]";;"[{""section_id"":""2"",""section_tipo"":""hierarchy13""}]";"[""URY""]"
229;"[{""section_id"":""2"",""section_tipo"":""dd64""}]";;"{""lg-spa"":[""Uzbekistán""]}";;"[""UZ""]";;;;;;"[{""section_id"":""17344"",""section_tipo"":""lg-spa""}]";;"[{""section_id"":""2"",""section_tipo"":""hierarchy13""}]";"[""UZB""]"
230;"[{""section_id"":""2"",""section_tipo"":""dd64""}]";;"{""lg-spa"":[""Ciudad del Vaticano""]}";;"[""VA""]";;;;;;"[{""section_id"":""17344"",""section_tipo"":""lg-spa""}]";;"[{""section_id"":""2"",""section_tipo"":""hierarchy13""}]";"[""VAT""]"
231;"[{""section_id"":""2"",""section_tipo"":""dd64""}]";;"{""lg-spa"":[""San Vicente y las Granadinas""]}";;"[""VC""]";;;;;;"[{""section_id"":""17344"",""section_tipo"":""lg-spa""}]";;"[{""section_id"":""2"",""section_tipo"":""hierarchy13""}]";"[""VCT""]"
232;"[{""section_id"":""2"",""section_tipo"":""dd64""}]";;"{""lg-spa"":[""Venezuela""]}";;"[""VE""]";;;;;;"[{""section_id"":""17344"",""section_tipo"":""lg-spa""}]";;"[{""section_id"":""2"",""section_tipo"":""hierarchy13""}]";"[""VEN""]"
233;"[{""section_id"":""2"",""section_tipo"":""dd64""}]";;"{""lg-spa"":[""Islas Vírgenes Británicas""]}";;"[""VG""]";;;;;;"[{""section_id"":""17344"",""section_tipo"":""lg-spa""}]";;"[{""section_id"":""2"",""section_tipo"":""hierarchy13""}]";"[""VGB""]"
234;"[{""section_id"":""2"",""section_tipo"":""dd64""}]";;"{""lg-spa"":[""Islas Vírgenes Estadounidenses""]}";;"[""VI""]";;;;;;"[{""section_id"":""17344"",""section_tipo"":""lg-spa""}]";;"[{""section_id"":""2"",""section_tipo"":""hierarchy13""}]";"[""VIR""]"
235;"[{""section_id"":""2"",""section_tipo"":""dd64""}]";;"{""lg-spa"":[""Vietnam""]}";;"[""VN""]";;;;;;"[{""section_id"":""17344"",""section_tipo"":""lg-spa""}]";;"[{""section_id"":""2"",""section_tipo"":""hierarchy13""}]";"[""VNM""]"
236;"[{""section_id"":""2"",""section_tipo"":""dd64""}]";;"{""lg-spa"":[""Vanuatu""]}";;"[""VU""]";;;;;;"[{""section_id"":""17344"",""section_tipo"":""lg-spa""}]";;"[{""section_id"":""2"",""section_tipo"":""hierarchy13""}]";"[""VUT""]"
237;"[{""section_id"":""2"",""section_tipo"":""dd64""}]";;"{""lg-spa"":[""Wallis y Futuna""]}";;"[""WF""]";;;;;;"[{""section_id"":""17344"",""section_tipo"":""lg-spa""}]";;"[{""section_id"":""2"",""section_tipo"":""hierarchy13""}]";"[""WLF""]"
238;"[{""section_id"":""2"",""section_tipo"":""dd64""}]";;"{""lg-spa"":[""Samoa""]}";;"[""WS""]";;;;;;"[{""section_id"":""17344"",""section_tipo"":""lg-spa""}]";;"[{""section_id"":""2"",""section_tipo"":""hierarchy13""}]";"[""WSM""]"
239;"[{""section_id"":""2"",""section_tipo"":""dd64""}]";;"{""lg-spa"":[""Yemen""]}";;"[""YE""]";;;;;;"[{""section_id"":""17344"",""section_tipo"":""lg-spa""}]";;"[{""section_id"":""2"",""section_tipo"":""hierarchy13""}]";"[""YEM""]"
240;"[{""section_id"":""2"",""section_tipo"":""dd64""}]";;"{""lg-spa"":[""Mayotte""]}";;"[""YT""]";;;;;;"[{""section_id"":""17344"",""section_tipo"":""lg-spa""}]";;"[{""section_id"":""2"",""section_tipo"":""hierarchy13""}]";"[""MYT""]"
241;"[{""section_id"":""2"",""section_tipo"":""dd64""}]";;"{""lg-spa"":[""Sudáfrica""]}";;"[""ZA""]";;;;;;"[{""section_id"":""17344"",""section_tipo"":""lg-spa""}]";;"[{""section_id"":""2"",""section_tipo"":""hierarchy13""}]";"[""ZAF""]"
242;"[{""section_id"":""2"",""section_tipo"":""dd64""}]";;"{""lg-spa"":[""Zambia""]}";;"[""ZM""]";;;;;;"[{""section_id"":""17344"",""section_tipo"":""lg-spa""}]";;"[{""section_id"":""2"",""section_tipo"":""hierarchy13""}]";"[""ZMB""]"
243;"[{""section_id"":""2"",""section_tipo"":""dd64""}]";;"{""lg-spa"":[""Zimbabue""]}";;"[""ZW""]";;;;;"{""1"":2}";"[{""section_id"":""17344"",""section_tipo"":""lg-spa""}]";;"[{""section_id"":""2"",""section_tipo"":""hierarchy13""}]";"[""ZWE""]"
244;"[{""section_id"":""1"",""section_tipo"":""dd64""}]";;"{""lg-spa"":[""Lenguajes""],""lg-eng"":[""Languages""]}";"[""lg2""]";"[""LG""]";"[{""type"":""dd48"",""section_id"":""2"",""section_tipo"":""lg2"",""from_component_tipo"":""hierarchy59""}]";"[""lg1""]";"[{""section_id"":""1"",""section_tipo"":""dd64""}]";"[{""type"":""dd48"",""section_id"":""1"",""section_tipo"":""lg1"",""from_component_tipo"":""hierarchy45""}]";"{""1"":2}";"[{""section_id"":""5101"",""section_tipo"":""lg1""}]";;"[{""section_id"":""3"",""section_tipo"":""hierarchy13""}]";"[""LGE""]"
245;"[{""section_id"":""1"",""section_tipo"":""dd64""}]";;"{""lg-spa"":[""Semantic""],""lg-cat"":[""Semantic""],""lg-eng"":[""Semantic""]}";"[""ds2""]";"[""DS""]";"[{""type"":""dd48"",""section_id"":""1"",""section_tipo"":""ds2"",""from_component_tipo"":""hierarchy59""}]";"[""ds1""]";;"[{""type"":""dd48"",""section_id"":""1"",""section_tipo"":""ds1"",""from_component_tipo"":""hierarchy45""}]";"{""1"":2}";"[{""section_id"":""17344"",""section_tipo"":""lg-spa""}]";;"[{""section_id"":""4"",""section_tipo"":""hierarchy13""}]";"[""DSE""]"
